Compound index,SMILES,Brain,Blood,Brain/Blood,Reach time
1013-18F1,CN(C)c1ccc(/C=C/c2cn(CCF)nn2)cc1,5.38,3.35,1.605970149,2min
1013-18F5,CC(=O)c1cc(/C=C/c2ccc(OCCCF)cc2)cc(C(C)=O)c1,1,0.38,2.631578947,120min
1015-18F12a,CNc1ccc(/C=C/c2ccc(OCCOCCF)cc2)cc1,7.77,3.14,2.474522293,2min
1015-18F12b,CNc1ccc(/C=C/c2ccc(OCCOCCOCCF)cc2)cc1,8.14,2.64,3.083333333,2min
1015-18F12c,CNc1ccc(/C=C/c2ccc(OCCOCCOCCOCCF)cc2)cc1,6.59,3.22,2.046583851,2min
1015-18F12d,CNc1ccc(/C=C/c2ccc(OCCOCCOCCOCCOCCF)cc2)cc1,7.3,4.99,1.462925852,2min
1019-18F3a,Nc1ccc(/N=C/c2ccc(F)cc2)cc1,0.27,0.6,0.45,30min
1019-18F3b,CNc1ccc(/N=C/c2ccc(F)cc2)cc1,0.38,0.8,0.475,30min
1019-18F3c,CN(C)c1ccc(/N=C/c2ccc(F)cc2)cc1,0.74,2.49,0.297188755,30min
1019-18F3d,Oc1ccc(/N=C/c2ccc(F)cc2)cc1,0.08,0.17,0.470588235,30min
1019-18F3e,COc1ccc(/N=C/c2ccc(F)cc2)cc1,0.54,0.75,0.72,30min
1019-18F3f,O=C(O)c1cc(/N=C/c2ccc(F)cc2)ccc1O,0.28,0.43,0.651162791,30min
1026-218F,O=C(NC1CCN(Cc2ccc(F)cc2)CC1)c1ccc(I)cc1,1.36,0.013,104.6153846,240min
1035-18F19,FCCOc1ccc(CN2CCC3(CC2)OCc2ccccc23)cc1,9.32,0.72,12.94444444,30min
1035-18F23,FCCOCCOCCOc1ccc(CN2CCC3(CC2)OCc2ccccc23)cc1,5.79,1.97,2.939086294,2min
1039-18F10,FCCOCCOCCOc1ccc(CN2CCN(Cc3ccc4c(c3)OCO4)CC2)cc1,6.42,3.63,1.768595041,2min
1039-18F6,FCCOc1ccc(CN2CCN(Cc3ccc4c(c3)OCO4)CC2)cc1,5.73,0.92,6.22826087,30min
1041-18F3d,Fc1ccc(CN2CCN(c3ccc4c(c3)OCCO4)CC2)cn1,4.93,1.62,3.043209877,5min
1042-18FI,O=[N+]([O-])c1nccn1CC(O)CF,0.13,0.12,1.083333333,180min
1042-18FII,O=[N+]([O-])c1nccn1CCF,0.24,0.25,0.96,60min
1042-18FIII,Cc1ncc([N+](=O)[O-])n1CCF,0.07,0.06,1.166666667,180min
1043-125I-1,CS(=O)(=O)N1CCC(Oc2ccc(CC(=O)N3CCC(N4C(=O)CCc5ccccc54)CC3)c(OC/C=C/I)c2)CC1,0.05,0.58,0.086206897,30min
1043-125I-2,CS(=O)(=O)N1CCC(Oc2ccc(CC(=O)N3CCC(N4C(=O)CCc5ccccc54)CC3)c(OC/C=C/I)c2)CC1,0.02,0.22,0.090909091,15min
1043-18F3,CS(=O)(=O)N1CCC(Oc2ccc(CC(=O)N3CCC(N4C(=O)CCc5ccccc54)CC3)c(OCCF)c2)CC1,0.02,0.04,0.5,60min
1047-1-18FFDFrc,OC1COC(O)(CF)C(O)C1O,0.07,0.27,0.259259259,60min
1059-18F7,O=C(O)CCCCCCCCCCCCCCc1ccc(OCCF)cc1,0.06,0.26,0.230769231,120min
1065C-3-MFHA,CC(CCCCCCCCCCCCCCCF)CC(=O)O,0.18,0.33,0.545454545,60min
1065C-5-MFHA,CC(CCCCCCCCCCCCCF)CCCC(=O)O,0.15,0.35,0.428571429,60min
1065C-FPA,O=C(O)CCCCCCCCCCCCCCCCF,0.22,0.31,0.709677419,60min
1066A-18Fendo-10a,C[C@]12CCC3C(CCC4=CC(=O)CC[C@@H]43)C1C[C@H]1OC(c3ccoc3)O[C@]12C(=O)CF,0.57,0.38,1.5,60min
1066A-18Fendo-10b,CC1(c2ccoc2)O[C@@H]2CC3C4CCC5=CC(=O)CC[C@@H]5C4CC[C@]3(C)[C@]2(C(=O)CF)O1,0.58,0.32,1.8125,60min
1066A-4,CC[C@@H]1CC2C3CCC4=CC(=O)CC[C@@H]4C3CC[C@]2(C)C1C(=O)CF,0.63,0.25,2.52,60min
1066A-5,CC(=O)[C@@]12OC(C)(c3cccc(F)c3)O[C@@H]1CC1C3CCC4=CC(=O)CC[C@]4(C)C3CC[C@@]12C,0.56,0.47,1.191489362,60min
1066A-6,CC1(c2cccc(F)c2)O[C@@H]2CC3C4CCC5=CC(=O)CC[C@@H]5C4CC[C@]3(C)[C@]2(C(=O)CO)O1,0.34,0.26,1.307692308,60min
1067A-18F-FENP,CC[C@@H]1CC2C3CCC4=CC(=O)CC[C@@H]4C3CC[C@]2(C)C1C(=O)CF,0.63,0.25,2.52,60min
1067A-18F4,CC(=O)[C@@]12O[C@](C)(c3ccc(F)cc3)O[C@@H]1CC1C3CCC4=CC(=O)CC[C@]4(C)C3CC[C@@]12C,0.56,0.47,1.191489362,60min
1067A-18F5,C[C@]12CCC3C(CCC4=CC(=O)CC[C@@]43C)C1C[C@H]1O[C@@](C)(c3ccc(F)cc3)O[C@]12C(=O)CO,0.34,0.26,1.307692308,60min
1067A-18FFENP,CO[C@@H]1CC2C3CCC4=CC(=O)CC[C@@H]4C3CC[C@]2(C)C1C(=O)CF,0.63,0.25,2.52,60min
1075-16-18F2,O=C(O)CCSCCCCCCCCCCCCCF,0.0154,0.0105,1.466666667,120min
1075-18-18F3,CCCCCCCCCC/C=C/CCCCSCCC(=O)O,0.0215,0.0185,1.162162162,120min
1075-18-18F4,O=C(O)CCSCCCCC#CCCCCCCCCCF,0.0143,0.0098,1.459183673,120min
1075-18-18F5,O=C(O)CCCCCCCCCCCCCCCCCCF,0.033,0.029,1.137931034,30min
1075-18F-2,O=C(O)CCSCCCCCCCCCCCCF,0.0154,0.0105,1.466666667,120min
1075-18F-3,O=C(O)CCSCCCC/C=C\CCCCCCCCF,0.0215,0.0185,1.162162162,120min
1075-18F-4,O=C(O)CCSCCCCCCCCCCCCCCF,0.0143,0.0098,1.459183673,120min
1075-18F-5,O=C(O)CCCCSCCCCCCCCCCCCF,0.033,0.029,1.137931034,30min
1078-18F-2'-FCH2-MPTP,CN1CC=C(c2ccccc2CF)CC1,0.76,0.25,3.04,90min
1080-18F-AV-45(1)a,CNc1ccc(/C=C/c2ccc(OCCOCCOCCF)nc2)cc1,7.77,3.14,2.474522293,2min
1080-18F-AV-45,CNc1ccc(/C=C/c2ccc(OCCOCCOCCF)nc2)cc1,7.77,3.14,2.474522293,2min
1080-18F23,CNc1ccc(/C=C/c2ccc(OCCOCCOCCNC(=O)CO/N=C/c3ccc(OCCOCCOCCF)cc3)nc2)cc1,0.96,4.94,0.194331984,30min
1080-18F24,CNc1ccc(/C=C/c2ccc(OCCOCCOCCOCCOCCOCCNC(=O)CO/N=C/c3ccc(OCCOCCOCCF)cc3)nc2)cc1,0.92,2.81,0.327402135,30min
1085-18F5,CNc1ccc(/C=C/c2ccc(OCCOCCOCCF)nc2)cc1,7.77,3.14,2.474522293,2min
1085-18F8a,CCNc1ccc(/C=C/c2ccc(OCCOCCOCCOCCOCC(COCCCOCCOCCOCCOc3ccc(/C=C/c4ccc(NC)cc4)cn3)OCCF)nc2)cc1,0.4,1.54,0.25974026,30min
1085-18F8b,CCNc1ccc(/C=C/c2ccc(OCCOCCOCCOCCOCCOCC(COCCOCCOCCOCCOCCOc3ccc(/C=C/c4ccc(NC)cc4)cn3)OCCF)nc2)cc1,0.34,1.32,0.257575758,30min
1085-18F8c,CCNc1ccc(/C=C/c2ccc(OCCOCCOCCOCCOCCOCCOCC(COCCOCCOCCOCCOCCOCCOc3ccc(/C=C/c4ccc(NC)cc4)cn3)OCCF)nc2)cc1,0.38,1.4,0.271428571,30min
1094-R18F4,N[C@H](Cc1cn(CCF)nn1)C(=O)O,0.02,0.14,0.142857143,60min
1094-S18F4,N[C@H](Cc1cn(CCF)nn1)C(=O)O,0.05,0.23,0.217391304,60min
1096-218F,CC(=O)OC[C@@]1(C)O[C@](C)(F)[C@](C)(F)[C@@](C)(OC(C)=O)[C@]1(C)OC(C)=O,1.5,0.7,2.142857143,120min
1099A-18F6,Nc1nc(F)nc2c1ncn2[C@@H]1O[C@H](CO)[C@@H](O)[C@H]1O,0.06,0.47,0.127659574,60min
1111A-18F4b,NC1(C(=O)O)CCCC1F,0.1,0.14,0.714285714,120min
1112A-2-18F-FBP,O=C(NC1CCN(Cc2ccccc2)CC1)c1cccc(F)c1,1.73,0.35,4.942857143,120min
1112B-2-18F3a,O=C(NC1CCN(Cc2ccccc2)CC1)c1ccccc1F,3.87,0.16,24.1875,120min
1119-2-18F,OCCF,7.33,6.84,1.071637427,60min
1119-3-18F,OCCCF,2.56,1.69,1.514792899,60min
1126-18F5a,CNc1ccc(-c2nc3ccc(OCCOCCF)cc3s2)cc1,10.27,3.37,3.047477745,2min
1126-18F5b,CNc1ccc(-c2nc3ccc(OCCOCCOCCF)cc3s2)cc1,5.53,6.29,0.879173291,2min
1126-18F5c,CNc1ccc(-c2nc3ccc(OCCOCCOCCOCCOCCOCCF)cc3s2)cc1,1.29,1.54,0.837662338,120min
1132-18F1,CN(CCF)c1ccc(/C=C/c2nc3ccccc3o2)cc1,0.6,0.49,1.224489796,5min
1137-18Fendo10a,C[C@]12CCC3C(CCC4=CC(=O)CC[C@@H]43)C1C[C@H]1OC(c3ccco3)O[C@]12C(=O)CF,0.57,0.38,1.5,60min
1137-18Fendo10b,CC1(c2ccco2)O[C@@H]2CC3C4CCC5=CC(=O)CC[C@@H]5C4CC[C@]3(C)[C@]2(C(=O)CF)O1,0.58,0.32,1.8125,60min
1145A-11C3,COc1cccc(-c2cc3cn(C4CC(O)C(CO)O4)c(=O)nc3o2)c1,0,0.2,0,60min
1145A-18F2,O=c1nc2oc(-c3cccc(OCCF)c3)cc2cn1C1CC(O)C(CO)O1,0,0.4,0,60min
1146A-11C4,COc1ccc(-c2cc3cn(C4CC(O)C(CO)O4)c(=O)nc3o2)cc1,0,0.6,0,60min
1146A-18F5,O=c1nc2oc(-c3ccc(OCCF)cc3)cc2cn1C1CC(O)C(CO)O1,0,1.5,0,60min
1148-18F3e,CN(C)c1ccc(/C=C/c2ccc(OCC(CO)CF)cc2)cc1,5.21,1.65,3.157575758,30min
1148-18F4e,CNc1ccc(/C=C/c2ccc(OCC(CO)CF)cc2)cc1,9.75,2.6,3.75,2min
1153B-F18,O=C[C@H](O)[C@@H](F)[C@H](O)[C@H](O)CO,2.03,1.75,1.16,120min
1161-18F17,CCOC(=O)CCC(C)CCCCF,0.39,0.35,1.114285714,120min
1161-18F18,COC(=O)CCC(C)(C)CCCCF,0.03,0.26,0.115384615,30min
1161-18F19,CC(CCCCF)CCC(=O)O,0.15,0.77,0.194805195,5min
1161-18F22,CCCCC(F)CCC(=O)O,0.13,0.47,0.276595745,60min
1161-18F26,CCCCCC(F)CC(=O)O,0.06,0.16,0.375,30min
1162-2-18FEtOH,OCCF,7.33,6.84,1.071637427,60min
1162-3-18FPrOH,OCCCF,2.56,1.69,1.514792899,60min
1164-1,C[C@H](c1ccccc1)n1cncc1C(=O)OCCF,0.68,0.78,0.871794872,120min
1164-2,C[C@H](c1ccccc1)n1cncc1C(=O)OCCF,0.51,0.46,1.108695652,120min
1164-3,C[C@H](c1ccc(Br)cc1)n1cncc1C(=O)OCCF,0.45,0.54,0.833333333,60min
1164-4,C[C@H](c1ccc(Br)cc1)n1cncc1C(=O)OCCCF,0.05,0.08,0.625,120min
1172-18F1a,CN(CCF)c1ccc(-c2cc3ccccc3[nH]2)cc1,5.82,3.38,1.721893491,2min
1176-11C4,COc1ccc(C(=O)NCCc2ccc(S(N)(=O)=O)cc2)cc1,0.3,72.5,0.004137931,60min
1176-11C6,COc1ccc(S(N)(=O)=O)cc1,1.5,49.7,0.030181087,60min
1176-18F3,NS(=O)(=O)c1ccc(CCNC(=O)c2ccc(OCCF)cc2)cc1,0.2,31.7,0.006309148,60min
1176-18F5,NS(=O)(=O)c1ccc(OCCF)cc1,1,71,0.014084507,60min
1181A-18F1,COc1cc2ncnc(Nc3ccc(F)cc3)c2cc1OC,0.14,0.79,0.17721519,60min
1181A-18F4,COc1cc2ncnc(Nc3cc(Cl)c(Cl)cc3F)c2cc1OC,4.37,3.44,1.270348837,5min
1184-18F24a,CNc1ccc(-c2nc3cc(OCCOCCOCCF)ccc3o2)cc1,8.12,4.76,1.705882353,2min
1184-18F32a,CN(C)c1ccc(-c2nc3cc(OCCOCCOCCF)ccc3o2)cc1,5.29,3.24,1.632716049,2min
"1192B-18F-(2S,4R)4F-GLN",NC(=O)[C@H](F)C[C@H](N)C(=O)O,0.13,0.32,0.40625,60min
"1192B-18F-(2S,4R)4F-GLU",N[C@@H](C[C@@H](F)C(=O)O)C(=O)O,0.05,0.17,0.294117647,60min
1198-5-HT1A,O=C(NCCN1CCN(c2cccc(CC(F)(F)F)n2)CC1)c1ccc(CF)cc1,3.944,1.715,2.299708455,5min
1199-18F18E,CCOC(=O)CCC(C)(C)CCCCF,0.39,0.35,1.114285714,120min
1199-18F18M,COC(=O)CCC(C)(C)CCCCF,0.03,0.26,0.115384615,30min
1199-18F19,CC(CCCCF)CCC(=O)O,0.15,0.77,0.194805195,5min
1199-18F22,CCCCC(F)CCC(=O)O,0.13,0.47,0.276595745,60min
1199-18F26,CCCCCC(F)CC(=O)O,0.06,0.16,0.375,30min
1200-11C-4a,CNC(C)Cc1ccccc1,5.94,1.04,5.711538462,5min
1200-11C-4b,CNC(C)Cc1ccc2c(c1)OCO2,4.85,1.02,4.754901961,5min
1200-18F-2a,CC(N)Cc1ccccc1F,1.43,0.48,2.979166667,60min
1200-18F-2b,CC(N)Cc1cc2c(cc1F)OCO2,13.02,5.048,2.579239303,5min
1204A-cis-18F-FPro,O=C(O)[C@@H]1C[C@H](F)CN1,0.35,3.14,0.111464968,30min
1204A-trans-18F-FPro,O=C(O)[C@@H]1C[C@@H](F)CN1,0.78,3.65,0.21369863,120min
1208-18F-FTMA,C[N+](C)(C)c1ccc(-c2ccc(F)cc2)cc1,0.01,0.11,0.090909091,60min
1211-18F,O=C(Nc1ccc(N2CCN(CCF)CC2)cc1)N[C@H]1C[C@H](C(=O)O)Nc2cc(Cl)cc(Cl)c21,0.09,0.07,1.285714286,30min
1213-18F-L-FPTP,CC(=O)[C@@H](N)Cc1c[nH]c2ccc(OCCCF)cc12,0.91,2.22,0.40990991,60min
1215-18F29,CNc1ccc(-c2nc3cc(OCCOCCOCCF)ccc3o2)cn1,4.05,5.07,0.798816568,2min
1215-18F31,CN(C)c1ccc(-c2nc3cc(OCCOCCOCCF)ccc3o2)cn1,3.79,5.47,0.692870201,2min
1215-18F32,CNc1ccc(-c2nc3cc(OCCF)ccc3o2)cn1,7.23,3.36,2.151785714,2min
1215-18F33,CN(C)c1ccc(-c2nc3cc(OCCF)ccc3o2)cn1,7.27,3.57,2.036414566,2min
1215-18F41,CNc1ccc(-c2nc3ccc(OCCOCCOCCF)cc3s2)cn1,1.26,2.94,0.428571429,60min
1215-18F43,CN(C)c1ccc(-c2nc3ccc(OCCOCCOCCF)cc3s2)cn1,1.84,3.79,0.485488127,60min
1215-18F44,CNc1ccc(-c2nc3ccc(OCCF)cc3s2)cn1,7.87,4.31,1.825986079,2min
1221-18F-23,COc1cccc(C(=O)NC2CCN(Cc3ccc(F)cc3)CC2)c1OC,0.25,0.017,14.70588235,180min
1221-18F-26b,COc1cccc(C(=O)NC2CC3CCCC(C2)N3Cc2ccc(F)cc2)c1OC,0.14,0.005,28,300min
1221-18F-34,COc1cc(Br)cc(C(=O)NC2CCN(Cc3ccc(F)cc3)CC2)c1OC,0.12,0.012,10,300min
1233-5-18F-ADAM,CN(C)Cc1ccccc1Sc1cc(F)ccc1N,0.221,0.106,2.08490566,30min
1234-fluorocyclocytidin,N=c1ccn2c(n1)O[C@@H]1[C@@H](O)[C@H](CO)O[C@@H]12,0.06,0.09,0.666666667,120min
1234-fluorocytosine.arabinoside,Nc1ccn([C@@H]2O[C@H](CO)[C@@H](O)[C@@H]2O)c(=O)n1,0.13,0.08,1.625,240min
1236-18F-5-MFHA,CC(CCCCCCCCCCCCF)CCCC(=O)O,0.15,0.35,0.428571429,60min
1236-3-MFHA,CC(CCCCCCCCCCCCCCF)CC(=O)O,0.18,0.33,0.545454545,60min
1236-FPA,O=C(O)CCCCCCCCCCCCCCCF,0.22,0.31,0.709677419,60min
1237-18F-3,O=C1NC(=O)N([C@H]2C[C@H](O)[C@@H](CO)O2)CC1C#Cc1ccc(-c2ccc(OCCF)cc2)cc1,0.5,8.9,0.056179775,60min
1238-18F-1,CC(=O)[C@@H]1CCCC2C3C[C@@H](F)C4=CC(=O)CC[C@@]4(C)C3CC[C@]21C,0.335,0.447,0.749440716,60min
1240-18F8a,CN(C)c1ccc(-c2cc(=O)c3cc(OCCF)ccc3o2)cc1,4.17,2.8,1.489285714,2min
1240-18F8b,CN(C)c1ccc(-c2cc(=O)c3cc(OCCOCCF)ccc3o2)cc1,3.54,2.09,1.693779904,2min
1240-18F8c,CN(C)c1ccc(-c2cc(=O)c3cc(OCCOCCOCCF)ccc3o2)cc1,2.23,1.5,1.486666667,10min
1243-18F5,O=C(NCCF)c1c[nH]c2ccc(Cc3ccccc3)cc2c1=O,0.1,1.5,0.066666667,30min
1247-618FFFuc,CC1(O)OC(C)(CF)C(C)(O)C(C)(O)C1(C)O,0.07,0.38,0.184210526,60min
1255-618FFDF,OCC1(O)O[C@H](CF)[C@@H](O)C1O,1.22,1.53,0.797385621,120min
1256-11C4a,CNC(C)Cc1ccccc1,5.94,1.04,5.711538462,5min
1256-11C4b,CNC(C)Cc1ccc2c(c1)OCO2,4.85,1.02,4.754901961,5min
1256-18F2a,CC(N)Cc1ccc(F)cc1,1.43,0.48,2.979166667,60min
1256-18F2b,Cc1cc2c(cc1CC(C)N)OCO2,13.02,5.048,2.579239303,5min
1257-18FI,Fc1ncnc2c1ncn2Cc1ccccc1,3.96,0.38,10.42105263,60min
1261-18F8a,CN(C)c1ccc(-c2cc(=O)c3cc(OCCF)ccc3o2)cc1,4.17,2.8,1.489285714,2min
1261-18F8b,CN(C)c1ccc(-c2cc(=O)c3cc(OCCOCCF)ccc3o2)cc1,3.54,2.09,1.693779904,2min
1261-18F8c,CN(C)c1ccc(-c2cc(=O)c3cc(OCCOCCOCCF)ccc3o2)cc1,2.23,1.5,1.486666667,10min
1266-6-18F-FPCV,NC1N=C(F)c2ncn(CCC(CO)CO)c2N1,0.05,0.12,0.416666667,90min
1280-18F11,CC(C)(C)OC(=O)COCCCCCF,0.02,0.23,0.086956522,30min
1280-18F4,CCOC(=O)CC(C)CCCCCF,0.17,0.58,0.293103448,10min
1280-18F5,COC(=O)CC(C)(C)CCCCCF,0.19,0.47,0.404255319,10min
1280-18F6,COC(=O)CCCCCCCF,0.46,0.45,1.022222222,90min
1280-18F7,CC(CCCCCF)CC(=O)O,0.15,0.79,0.189873418,5min
1280-18F8,O=C(O)CCCCCCCF,0.37,0.41,0.902439024,60min
1307A-18F-CPFPX,CCCn1c(=O)c2c(nc(C3CCCC3)n2COC(=O)C(C)(C)C)n(CCCOS(=O)(=O)c2ccc(C)cc2)c1=O,1.55,1.55,1,60min
1308-DFDG,OCC1C(O)C(O)C2(F)C(O)OC12F,1.61,0.47,3.425531915,15min
1318A-F-18FDGal ,OCC1OC(O)C(F)C(O)C1O,0.54,0.2,2.7,120min
1318D-18FGal,OC[C@H]1OC(O)[C@H](F)[C@@H](O)[C@H]1O,0.78,0.27,2.888888889,60min
1319-18FFDT,OC[C@H]1OC(O)[C@@H](F)[C@@H](O)[C@H]1O,2.78,2.15,1.293023256,60min
1320E-18F-FDG,OC[C@H]1O[C@H](O)[C@H](F)[C@@H](O)[C@@H]1O,2.75,0.24,11.45833333,60min
1320E-18F-FET,N[C@@H](Cc1ccc(OCCF)cc1)C(=O)O,0.57,0.68,0.838235294,60min
1326-18F3,Nc1nc2ncc(CNc3ccc(C(=O)N[C@@H](CCC(=O)NCCCCn4cc(CCCCF)nn4)C(=O)O)cc3)nc2c(=O)[nH]1,0.26,0.13,2,45min
1327-18F9,Cc1cc(N)nc(CC(C)F)c1,1.6,2.37,0.675105485,5min
1331-18F1,CCN(CC)CCNC(=O)c1cc(F)ccn1,0.24,0.15,1.6,120min
1331-18F2,CCN(CC)CCNC(=O)c1ccc(F)cn1,1.28,0.42,3.047619048,60min
1331-18F3,CCN(CC)CCNC(=O)c1ccc(F)nc1,1.56,0.46,3.391304348,60min
1334-18F2a,COC12CCC3(CC1C(C)(C)O)C1Cc4ccc(O)c5c4[C@@]3(CCN1CCCF)C2O5,1.83,4.69,0.390191898,5min
1340-18F1,CCc1cc2ncnc(Nc3ccc(F)c(Cl)c3)c2cc1OCCF,2.94,5.07,0.579881657,60min
1340-18F2,C#Cc1cccc(Nc2ncnc3cc(OC)c(OCCF)cc23)c1,1.5,0.77,1.948051948,120min
1340-18F3,COc1cc2ncnc(Nc3cccc(Br)c3)c2cc1OCCF,0.39,1.58,0.246835443,30min
1343-3b,COC12CC[C@@]3(CC1[C@@](C)(O)C(C)(C)C)C1Cc4ccc(O)c5c4C3(CCN1CCCF)[C@H]2O5,1.9,3.6,0.527777778,5min
1343-4b,COC12CC[C@@]3(CC1C(C)(C)O)C1Cc4ccc(O)c5c4C3(CCN1CCCF)[C@H]2O5,0.18,0.19,0.947368421,30min
1345-18F3c,COc1cc2c(cc1OC)CN(CCCCNC(=O)c1cc(C)ccc1OCCF)CC2,0.12,0.35,0.342857143,120min
1345-18F3d,COc1cc2c(cc1OC)CN(CCCCNC(=O)c1cc(Br)ccc1OCCF)CC2,0.2,0.52,0.384615385,120min
1345-18F3e,COc1cc2c(cc1OC)CN(CCCCNC(=O)c1cc(I)ccc1OCCF)CC2,0.37,1.92,0.192708333,120min
1345-18F3f,COc1cc2c(cc1OC)CN(CCCCNC(=O)c1cc(I)cc(OC)c1OCCF)CC2,0.71,1.82,0.39010989,5min
1356-18F1,O=C(Cc1cccc(Br)c1)NC1CCN(Cc2ccc(F)cc2)CC1,3.52,0.12,29.33333333,120min
1356-18F2,O=C(Cc1ccccc1F)NC1CCN(Cc2ccccc2)CC1,3.17,0.1,31.7,120min
1362B-1,CC(=O)OC[C@@H]1CCCCN1CCF,0,3,0,1min
1362B-2,CC(=O)OC1CCN(CCF)C1,40,25,1.6,1min
1362B-3,CC(=O)OC1CCN(CCF)CC1,66,42,1.571428571,1min
1362B-4,CC(=O)OC1CCCN(CCF)C1,0,14,0,1min
1362B-PMP,CCC(=O)OC1CCN(C)CC1,47,37,1.27027027,1min
1382A-FPT,NC(Cc1ccc(OCCCF)cc1)C(=O)[O-],0.23,0.38,0.605263158,120min
1382C-FPT,NC(Cc1ccc(OCCCF)cc1)C(=O)O,1.13,1.89,0.597883598,120min
1387-1b,CSC(=N)N,0.16,0.19,0.842105263,180min
1387-3b,N=C(N)SCCF,0.05,0.18,0.277777778,5min
1391-18F12,N[C@]1(C(=O)O)C[C@H](F)C1,0.25,0.26,0.961538462,120min
1392-18F9e,O=C(c1ccc(F)cc1)C1CCN(C2Cc3ccccc3C[C@H]2O)CC1,0.606,0.122,4.967213115,5min
1398A-18FFE@SUPPY,CCSC(=O)c1c(CC)nc(-c2ccccc2)c(C(=O)OCCF)c1CC,0.21,0.038,5.526315789,120min
1400A-18F2,N#Cc1ccc(OCC2CCN(CCF)CC2)cc1,1.17,0.07,16.71428571,30min
1403A-18F-4-Fluoroglutamine,NC(=O)[C@H](F)C[C@H](N)C(=O)O,0.45,0.48,0.9375,240min
1403C-18FGLN,NC(=O)[C@H](F)C[C@H](N)C(=O)O,0.13,0.32,0.40625,60min
1403C-18FGLU,N[C@@H](C[C@@H](F)C(=O)O)C(=O)O,0.05,0.17,0.294117647,60min
1405A-18F7,C#C[C@@]1(O)C2CCC3c4ccc(O)cc4CCC3C2C[C@H]1F,0.16,0.087,1.83908046,60min
1405A-18F7a,C#C[C@]1(O)C2C[C@H](C)C3c4ccc(O)cc4CCC3C2C[C@H]1F,0.14,0.259,0.540540541,60min
1405A-18F8,C#C[C@@]1(O)C2C[C@H](OC)C3c4ccc(O)cc4CCC3C2C[C@H]1F,0.115,0.09,1.277777778,60min
1407B-2-18F,NC(Cc1ccccc1CF)C(=O)O,0.67,0.79,0.848101266,60min
1414A-18FDFPA,CCCCCC[C@H](F)[C@H](F)CCCCCCCC(=O)O,0.15,0.55,0.272727273,60min
1419A-18F7,C#C[C@@]1(O)C2CCC3c4ccc(O)cc4CCC3C2C[C@H]1F,0.16,0.087,1.83908046,60min
1419A-18F7a,C#C[C@]1(O)C2CCC3c4ccc(O)cc4CCC3C2C[C@H]1F,0.14,0.259,0.540540541,60min
1419A-18F8,C#C[C@@]1(O)C2C[C@H](OC)C3c4ccc(O)cc4CCC3C2C[C@H]1F,0.115,0.09,1.277777778,60min
1419C-18F3,C#C[C@]1(O)[C@@H](F)CC2C3CCc4cc(O)ccc4C3[C@@H](OC)C[C@@]21C,0.333,0.285,1.168421053,60min
1423A-18FDAFBA,CCN(CC)CCNC(=O)c1ccc(F)cc1,2.16,0.78,2.769230769,30min
1423B-18FFBZA,CCN(CC)CCNC(=O)C1=C=C=C(F)C=C1,0.61,0.24,2.541666667,120min
1426-18FFAMB,CC(N)(CCF)C(=O)O,0.11,0.19,0.578947368,120min
1427A-8F-5a,CC(N)(F)C(=O)O,0.05,0.15,0.333333333,120min
1427A-8F-5b,CC(N)(F)C(=O)O,0.03,0.1,0.3,120min
1431-2-18FFFA,Nc1nc2ncc(CNc3ccc(C(=O)N[C@H](CCC(=O)O)C(=O)O)c(F)c3)nc2c(=O)[nH]1,0.41,0.36,1.138888889,75min
1441-18F-L-FEHTP,N[C@@H](Cc1c[nH]c2ccc(OCCF)cc12)C(=O)O,0.84,0.75,1.12,70min
1442B-18F-FMT,Cc1ccc(O)cc1C[C@H](N)C(=O)O,0.47,0.46,1.02173913,60min
1445A-18F5a,CNC(C)(CF)C(=O)O,0.05,0.15,0.333333333,120min
1445A-18F5b,CC(N)(CF)C(=O)O,0.03,0.1,0.3,120min
1445B-R-18F5,CC(N)(F)C(=O)O,0.09,0.16,0.5625,120min
1445B-R-18F8,CNC(C)(F)C(=O)O,0.05,0.24,0.208333333,60min
1445B-S-18F5,CNC(C)(F)C(=O)O,0.08,0.32,0.25,120min
1445B-S-18F8,CNC(C)(F)C(=O)O,0.04,0.14,0.285714286,120min
1457-18F5,CN(C)Cc1ccccc1Sc1cc(F)c(Cl)cc1N,3.27,6.56,0.49847561,2min
1466A-18F2,CN(C)c1ccc(/C=C/c2ccc(OCCOCCOCCF)nc2)cc1,7.77,3.04,2.555921053,2min
1467A-18F2,COc1cc2c(cc1OCCCF)CCN1C[C@@H](CC(C)C)[C@H](O)C[C@]21C,0.35,0.12,2.916666667,120min
1467A-18F4,COc1cc2c(cc1OCCCF)CCN1C[C@@H](CC(C)C)[C@]3(CO3)C[C@H]21,0.28,0.02,14,240min
1473-18FBF108,CCN(CC)c1ccc2cc3ccc(N(CC)CCF)cc3nc2c1,1.34,1.91,0.701570681,120min
1475-18FBF-227,CN(C)c1ncc(/C=C/c2nc3ccc(OCCF)cc3o2)s1,6.05,2.93,2.064846416,2min
1475-18FFACT,CN(C)c1ncc(/C=C/c2nc3ccc(OC(CO)CF)cc3o2)s1,4.64,3.65,1.271232877,2min
1475-18FTHK-525,FCCOc1ccc2nc(/C=C/c3cnc(N4CCOCC4)s3)oc2c1,4.73,2.82,1.677304965,2min
1475-18FTHK-702,OCC(CF)Oc1ccc2nc(/C=C/c3cnc(N4CCOCC4)s3)oc2c1,4.15,3.34,1.24251497,2min
1475-18FTHK-727,OCC(CF)COc1ccc2nc(/C=C/c3cnc(N4CCOCC4)s3)oc2c1,4.06,2.94,1.380952381,2min
1476A-18FBMY14802,OC(*N1CCN(c2ncc(F)cn2)CC1)c1ccc(F)cc1,6.06,2.07,2.927536232,5min
1476B-18FBMY14802,O*(C1=C=CC(F)C=C1)N1CCN(C2=NCC(F)C=N2)CC1,1014,2.76,367.3913043,30min
1477-4-Br18FPN,*CCCn1cc(Br)nc1[N+](=O)[O-],0.415,0.353,1.175637394,5min
1491-18F-DDRT,CC(CF)[C@H]1Cc2c(ccc3c2O[C@@H]2COc4cc(C(=O)O)c(C(=O)O)cc4[C@@H]2C3)O1,0.74,0.14,5.285714286,5min
1491-18F-DHRT,CC(CF)[C@H]1Cc2c(ccc3c2O[C@@H]2COc4cc(C(=O)O)c(C(=O)O)cc4[C@@H]2C3O)O1,0.51,0.05,10.2,60min
1491-18FDDRT,COc1cc2c(cc1OC)[C@@H]1Cc3ccc4c(c3O[C@@H]1CO2)C[C@H](C(C)CF)O4,0.74,0.14,5.285714286,5min
1491-18FDHRT,COc1cc2c(cc1OC)[C@@H]1C(=O)c3ccc4c(c3O[C@@H]1CO2)CC(C(C)CF)O4,0.51,0.05,10.2,60min
1496E-18F-1,CCN(CC)C(=O)Cc1c(-c2ccc(OCCF)cc2)nn2c(C)cc(C)nc12,1,0.4,2.5,30min
1497A-11CDPN,CO[C@]12CCC3(CC1C(C)(C)O)C1Cc4ccc(O)c5c4[C@@]3(CCN1CC1CC1)C2O5,2.27,0.86,2.639534884,60min
1497A-18F-DPN,CC(C)(O)C1CC23CC[C@@]1(OCCF)C1Oc4c(O)ccc5c4[C@@]12CCN(CC1CC1)C3C5,3.55,2.33,1.52360515,30min
1499B-EF3,O=C(Cn1ccnc1[N+](=O)[O-])NCCC(F)(F)F,0.77,1.49,0.516778523,110min
1500-18FEFA,CCOC(=O)CF,6.37,8.51,0.74853114,90min
1500-18FFA,O=C([O-])CF,4.97,7.1,0.7,30min
1512B-18F-facbc,N[C@]1(C(=O)O)C[C@@H](F)C1,0.27,0.3,0.9,60min
1512B-18F-FDG,OC[C@@H]1O[C@@H](O)[C@H](F)[C@H](O)[C@@H]1O,2.26,0.23,9.826086957,60min
1513C-18F-FAC,O=C(O)CF,1.49,0.93,1.602150538,30min
1514B-11C-BF-227,CN(C)c1ncc(/C=C/c2nc3ccc(OCCF)cc3o2)s1,6.05,2.93,2.064846416,2min
1514B-18F-FACT,CN(C)c1ncc(/C=C/c2nc3ccc(OC(CO)CF)cc3o2)s1,4.64,3.65,1.271232877,2min
1514B-18F-THK-525,FCCOc1ccc2nc(/C=C/c3cnc(N4CCOCC4)s3)oc2c1,4.73,2.82,1.677304965,2min
1514B-18F-THK-702,OCC(CF)Oc1ccc2nc(/C=C/c3cnc(N4CCOCC4)s3)oc2c1,4.15,3.34,1.24251497,2min
1514B-18F-THK-727,OCC(CF)COc1ccc2nc(/C=C/c3cnc(N4CCOCC4)s3)oc2c1,4.06,2.94,1.380952381,2min
1515A- 4-18F-ADAM,CN(C)Cc1ccccc1Sc1ccc(F)cc1N,1.9,3.11,0.610932476,30min
1518A-18Ffallypride,C=CCN1CCC[C@@H]1CNC(=O)c1cc(CCCF)cc(OC)c1OC,0.13,0.15,0.866666667,180min
1521B-18FAZA,O=[N+]([O-])c1nccn1[C@H]1O[C@H](CF)C(O)[C@@H]1O,0.27,0.23,1.173913043,180min
1523-18F-folate,Nc1nc2ncc(CNc3ccc(C(=O)NC(CCC(=O)O)C(=O)NCc4ccc(F)cc4)cc3)nc2c(=O)[nH]1,0.26,1.43,0.181818182,125min
1526D-18FFBAU,O=c1[nH]c(=O)n([C@@H]2O[C@H](CO)C(O)[C@H]2F)cc1Br,0.04,0.16,0.25,60min
1526D-18FFBAU3'5',O=C(OC[C@H]1O[C@@H](n2cc(Br)c(=O)[nH]c2=O)[C@H](F)C1OC(=O)c1ccccc1)c1ccccc1,0.02,0.08,0.25,120min
1535-18FFTMA,C[N+](C)(C)c1ccc(F)cc1,0.01,0.11,0.090909091,60min
1537-11C-BMS-5p,Cc1onc(NS(=O)(=O)c2ccccc2-c2ccc(-c3ncco3)cc2CN(C)C(=O)c2cc3ccccc3n2C)c1C,0.09,1.12,0.080357143,90min
1537-18F-FBzBMS 5,Cc1ccc(C(=O)N(C)Cc2cc(-c3ncco3)ccc2-c2ccccc2S(=O)(=O)Nc2noc(C)c2C)cc1,0.03,0.4,0.075,120min
1539A-18FCAP,C[C@H](CS)C(=O)N1C[C@@H](F)C[C@H]1C(=O)O,0.055,0.066,0.833333333,240min
1542A-CH,C[N+](C)(C)CCO,1.7,2.2,0.772727273,60min
1542A-FCH,C[N+](C)(CF)CCO,0.8,1.5,0.533333333,60min
1543-18F1,Cc1cc(NCCF)n2ncc(C#N)c2n1,3.17,4.83,0.6563147,5min
1543-18F2,Cc1cc(NCCNC(=O)c2ccc([N+](=O)[O-])cc2F)n2ncc(C#N)c2n1,0.04,0.09,0.444444444,120min
1544-18F-FBMHA,CCCCCCCCCC(F)CCCCC(C)CC(=O)O,0.27,0.58,0.465517241,60min
1544-18F-FCPHA,CCCCCCCCC(F)CCCCC1CC1CC(=O)O,0.06,0.06,1,5min
1546-cis-FDA,C[C@]1(C(=O)O)CCC2c3ccc(O)cc3CCC2[C@H]1CCF,0.195,5.704,0.034186536,60min
1546-trans-FDA,C[C@]1(C(=O)O)CCC2c3ccc(O)cc3CCC2[C@@H]1CCF,0.014,0.18,0.077777778,180min
1548-18F2,*c1ccc(OCF)c(CN(C(C)=O)C2=CC(F)=CCC2OC2=CCCC=C2)c1,4.04,0.54,7.481481481,60min
1548-18F5,*c1ccc(OC([2H])([2H])F)c(CN(C(C)=O)c2cc(F)ccc2OC2=CCCCC2)c1,3.24,0.52,6.230769231,120min
1556A-18F-5-FdUR,CC1CC(n2cc(F)c(=O)[nH]c2=O)OC1CO,0.02,0.03,0.666666667,120min
1556A-18F-5-FU,O=c1[nH]cc(F)c(=O)[nH]1,0.06,0.1,0.6,120min
1556A-18F-5-FUR,O=c1[nH]c(=O)n(C2O[C@H](CO)C(O)[C@H]2O)cc1F,0.04,0.06,0.666666667,120min
1558-18F1,COc1ccc(/C=C/C(=O)/C=C(O)/C=C/c2ccc(OCCF)c(OC)c2)cc1OC,0.43,0.89,0.483146067,60min
1560A-18F6a,COc1cc2c(cc1OCCF)CCN1CC(CC(C)C)C(O)CC21,4.66,2.68,1.73880597,2min
1560A-18F6b,COc1cc2c(cc1OCCCF)CCN1CC(CC(C)C)C(O)CC21,7.08,2.6,2.723076923,2min
1561-18FFE-GW405833,Cc1c(CCN2CCOCC2)c2cc(C(=O)CCF)ccc2n1C(=O)c1cccc(Cl)c1Cl,1.3,4.5,0.288888889,2min
1563A-18F2,CN(C)c1ccc(/C=C/C(=O)/C=C(/C=C/c2ccc(OCCOCCF)cc2)OB(F)F)cc1,1.02,2.5,0.408,30min
1565B-18F-FEAC,CCN(Cc1ccccc1)C(=O)Cn1c(=O)n(CCF)c2cnc(-c3ccccc3)nc21,0.69,0.85,0.811764706,5min
1565B-18F-FEDAC,CN(Cc1ccccc1)C(=O)Cn1c(=O)n(CCF)c2cnc(-c3ccccc3)nc21,0.67,0.82,0.817073171,5min
1568A-(18F)FPC,O=C(C1CCCCC1)N(CCN1CCN(c2ccccc2OCCCF)CC1)c1ccccn1,0.05,0.03,1.666666667,120min
1571A-(11C)RTI-31,COC(=O)C1C2CC[C@H](C[C@@H]1c1ccc(Cl)cc1)N2C,0.66,0.03,22,60min
1571A-(11C)RTI-32,COC(=O)C1C2CC[C@H](C[C@@H]1c1ccc(Cl)cc1)N2C,0.83,0.14,5.928571429,5min
1571A-(18F)FECT,CN1C2CC[C@@H]1C[C@H](c1ccc(Cl)cc1)C2C(=O)OCCF,0.85,0.05,17,30min
1571A-(18F)FETT,CN1C2CC[C@@H]1C[C@H](c1ccc(Cl)cc1)C2C(=O)OCCF,0.71,0.15,4.733333333,5min
1573C-18F-FEAC,CCN(Cc1ccccc1)C(=O)Cn1c(=O)n(CCF)c2cnc(-c3ccccc3)nc21,0.69,0.85,0.811764706,5min
1573C-18F-FEDAC,CN(Cc1ccccc1)C(=O)Cn1c(=O)n(CCF)c2cnc(-c3ccccc3)nc21,1.33,0.45,2.955555556,90min
1574-18F-FEDPN,N#C[C@H](c1ccc(O)cc1)[C@@H](CCF)c1ccc(O)cc1,0.96,0.73,1.315068493,30min
1574-18F-FES,C[C@]12CCC3c4ccc(O)cc4CCC3C1C[C@@H](F)[C@@H]2O,0.41,0.65,0.630769231,30min
1576-18F-FTMA-14,C[N+](C)(C)c1ccc(F)cc1,0.01,0.11,0.090909091,60min
1578B-18F-FEF,CCOC(=O)c1ncn2c1C(O)N(CCF)C(=O)c1cc(F)ccc1-2,0.24,0.32,0.75,13min
1583A-18F2,NC(Cc1ccc(CCF)cc1)C(=O)O,0.52,0.65,0.8,60min
1588A-18FFE-SA4503,COc1cc(CCN2CCN(CCCc3ccccc3)CC2)ccc1OCCF,4.52,0.71,6.366197183,15min
1590-18F-FESAHA,O=C(CCCCCCC(=O)Nc1ccc(CCF)cc1)NO,0.4,0.7,0.571428571,120min
1592A-18FFET,NC(Cc1ccc(OCCF)cc1)C(=O)[O-],1.72,2.1,0.819047619,120min
1592E-18F-FDG,OC[C@H]1O[C@H](O)[C@H](F)[C@@H](O)[C@@H]1O,4.49,0.26,17.26923077,120min
1592E-18FFET,N[C@@H](Cc1ccc(OCCF)cc1)C(=O)O,0.67,0.71,0.943661972,90min
1596-11CMTO,COC(=O)c1cncn1[C@H](C)c1ccccc1,0.56,0.79,0.708860759,60min
1596-18F1,C[C@H](c1ccccc1)n1cncc1C(=O)OCCF,0.68,0.78,0.871794872,120min
1596-18F2,C[C@H](c1ccc(Cl)cc1)n1cncc1C(=O)OCCF,0.51,0.46,1.108695652,120min
1596-18F3,C[C@H](c1ccc(Br)cc1)n1cncc1C(=O)OCCF,0.45,0.54,0.833333333,60min
1596-18F4,C[C@H](c1ccc(Br)cc1)n1cncc1C(=O)OCCCF,0.05,0.08,0.625,120min
1602B-18F1a,O=c1[nH]c(=O)n([C@H]2C[C@H](O)[C@@H](CO)O2)cc1CCCF,0.12,0.31,0.387096774,120min
1602B-18F1b,O=c1[nH]c(=O)n([C@H]2C[C@H](O)[C@@H](CO)O2)cc1CCCCF,0.08,0.24,0.333333333,120min
1602B-18F1c,O=c1[nH]c(=O)n([C@H]2C[C@H](O)[C@@H](CO)O2)cc1CCCCCF,0,0.1,0,120min
1602B-18F1d,O=c1[nH]c(=O)n([C@@H]2O[C@H](CO)[C@@H](O)[C@@H]2F)cc1CCCF,0.02,0.15,0.133333333,120min
1602B-18F1e,O=c1[nH]c(=O)n([C@@H]2O[C@H](CO)[C@@H](O)[C@@H]2F)cc1CCCCF,0.04,0.11,0.363636364,120min
1602B-18F1f,O=c1[nH]c(=O)n([C@@H]2O[C@H](CO)[C@@H](O)[C@@H]2F)cc1CCCCCF,0.02,0.09,0.222222222,120min
1602B-I25IFIAUb,O=c1[nH]c(=O)n([C@@H]2O[C@H](CO)[C@@H](O)[C@@H]2F)cc1I,0.09,1,0.09,120min
1604C-18FFFMZ,CCOC(=O)c1ncn2c1CN(C)C(=O)c1cc(F)ccc1-2,0.69,0.48,1.4375,5min
1604D-18FFMZ,CCOC(=O)c1ncn2c1CN(C)C(=O)c1cc(F)ccc1-2,2.5,3.7,0.675675676,10min
1606B-125IFIAU,O=c1[nH]c(=O)n([C@@H]2O[C@H](CO)[C@@H](O)[C@@H]2F)cc1I,0.09,1,0.09,120min
1606B-18F1a,O=c1[nH]c(=O)n([C@H]2C[C@@H](O)[C@@H](CO)O2)cc1CCCF,0.12,0.31,0.387096774,120min
1606B-18F1b,O=c1[nH]c(=O)n([C@H]2C[C@@H](O)[C@@H](CO)O2)cc1CCCCF,0.08,0.24,0.333333333,120min
1606B-18F1c,O=c1[nH]c(=O)n([C@H]2C[C@@H](O)[C@@H](CO)O2)cc1CCCCCF,0.04,0.16,0.25,120min
1606B-18F1d,O=c1[nH]c(=O)n([C@@H]2O[C@H](CO)[C@H](O)C2F)cc1CCCF,0.02,0.15,0.133333333,120min
1606B-18F1e,O=c1[nH]c(=O)n([C@@H]2O[C@H](CO)[C@H](O)C2F)cc1CCCCF,0.04,0.11,0.363636364,120min
1606B-18F1f,O=c1[nH]c(=O)n([C@@H]2O[C@H](CO)[C@H](O)C2F)cc1CCCCCF,0.02,0.09,0.222222222,120min
1610-18FFHBG,Nc1nc2c(ncn2CCC(CO)CF)c(=O)[nH]1,0.003,0.034,0.088235294,60min
1610-18FFHOMP,Cc1c(COC(CO)CF)[nH]c(=O)[nH]c1=O,0.099,0.16,0.61875,60min
1614-18F3,O=C1/C(=C/c2ccc(OCCF)cc2)Oc2ccc(I)cc21,2.37,2.84,0.834507042,10min
1620A-18F-ï¬‚uoroisonicotinic,O=C1/C(=C/c2ccc(OCCF)cc2)Oc2ccc(I)cc21,0.22,0.32,0.6875,30min
1624-18F3,Nc1nc2ncc(CNc3ccc(C(=O)NC(CCC(=O)NC(Cc4cn(C5OC(CO)C(O)C(O)C5F)nn4)C(=O)O)C(=O)O)cc3)nc2c(=O)[nH]1,0.45,0.25,1.8,90min
1631A-R-18F Fluorocarazol,CC(CF)NC[C@H](O)COc1cccc2[nH]c3ccccc3c12,0.82,0.57,1.438596491,10min
1631A-S-18F Fluorocarazol,O[C@H](CNCCF)COc1cccc2[nH]c3ccccc3c12,1.18,0.56,2.107142857,10min
1632B-18Fclofilium,CC[N+](CC)(CCCCCCCF)CCCCc1ccc(Cl)cc1,0.02,0.05,0.4,60min
1634B-15a,COc1c(Cl)cc(Cl)c(O)c1C(=O)NC[C@@H]1CCCN1CCF,0.52,0.16,3.25,5min
1634B-15b,COc1c(Cl)cc(Cl)c(O)c1C(=O)NC[C@@H]1CCCN1CCCF,1.16,0.26,4.461538462,5min
1634B-15c,COc1c(Cl)cc(Cl)c(O)c1C(=O)NC[C@@H]1CCCN1CCCCF,0.71,0.21,3.380952381,5min
1639-18F6,CCC(=O)N(c1ccccc1)C1CCN(CC(O)c2ccc(F)cc2)CC1,3.3,2.3,1.434782609,5min
1641-18F9a,N[C@](CF)(Cc1ccccc1)C(=O)O,0.09,0.28,0.321428571,60min
1641-18F9b,N[C@@](CF)(Cc1ccccc1)C(=O)O,0.04,0.15,0.266666667,60min
1643-R-Fluoropropranolol,CC(CF)NC[C@@H](O)COc1cccc2ccccc12,1.26,0.33,3.818181818,5min
1643-S-Fluoropropranolol,CC(CF)NC[C@H](O)COc1cccc2ccccc12,1.5,0.2,7.5,5min
1650D-18F-BMS-747158-02,CC(C)(C)n1ncc(OCc2ccc(COCCF)cc2)c(Cl)c1=O,1.07,0.12,8.916666667,10min
1653-L-18F-FMA,N[C@H](CCF)C(=O)O,0.12,0.09,1.333333333,120min
1655A-anti-18F-FMACBC,N[C@]1(C(=O)O)C[C@@H](CF)C1,0.25,0.31,0.806451613,120min
1655A-syn-18F-FMACBC,N[C@]1(C(=O)O)C[C@H](CF)C1,0.24,0.33,0.727272727,30min
1655C-R-18F-AFETP,N[C@H](Cc1cn(CCF)nn1)C(=O)O,0.02,0.14,0.142857143,60min
1655C-S-18F-AFETP,N[C@@H](Cc1cn(CCF)nn1)C(=O)O,0.05,0.23,0.217391304,60min
1656-18F-FBMHA,CCCCCCCCCC(F)CCCC1CC1CC(=O)O,0.27,0.58,0.465517241,60min
1656-18F-FCPHA,CCCCCCCCC(F)CCCCC1CC1CC(=O)O,0.06,0.06,1,5min
1662-18F3e,CN(C)c1ccc(/C=C/c2ccc(OCC(CO)CF)cc2)cc1,5.21,1.65,3.157575758,30min
1662-18F4e,CNc1ccc(/C=C/c2ccc(OCC(CO)CF)cc2)cc1,9.75,2.6,3.75,2min
1663A-F18-a-Methyl Tyrosine,CC([NH3+])(Cc1ccc(F)cc1)C(=O)O,0.83,0.73,1.136986301,120min
1667-18FFDG,OCC1CC(O)C(F)C(O)C1O,3.07,0.16,19.1875,30min
1667-18FFNBMBA,CC(C)[C@H](NC(=O)c1ccc([N+](=O)[O-])cc1F)C(=O)O,0.03,0.15,0.2,60min
1667-18FMFNBMB,COC(=O)[C@@H](NC(=O)c1ccc([N+](=O)[O-])cc1F)C(C)C,0.12,0.19,0.631578947,120min
1667-L-18FFET,NC(Cc1ccc(OCCF)cc1)C(=O)O,0.73,1.12,0.651785714,120min
1670-18FON,O=[N+]([O-])c1nccn1CCCCCCCCF,0.433,0.346,1.251445087,5min
1670-18FPN,O=[N+]([O-])c1nccn1CCCF,0.48,0.463,1.036717063,5min
1670-FMISO,O=[N+]([O-])c1nccn1CC(O)CF,0.37,0.379,0.976253298,60min
1671-18FFOP,O=C(O)COCCCCCCCCCCCCF,0.011,0.059,0.186440678,15min
1674A-125I6,COc1cc(/C=C/C(=O)/C=C(/C)O)cc(I)c1O,0.05,0.87,0.057471264,60min
1674A-18F8,COc1cc(/C=C/C(O)=C/C(=O)/C=C/c2ccc(OCCCF)c(OC)c2)ccc1O,0.11,0.61,0.180327869,60min
1675A-18F6a,COc1cc2c(cc1OCCF)CCN1CC(CC(C)C)C(O)CC21,4.66,2.68,1.73880597,2min
1675A-18F6b,COc1cc2c(cc1OCCCF)CCN1CC(CC(C)C)C(O)CC21,7.08,2.6,2.723076923,2min
1680A-18F-FPC,O=C(C1CCCCC1)N(CCN1CCN(c2ccccc2OCCCF)CC1)c1ccccn1,0.05,0.03,1.666666667,120min
1683-18F-FPDA,CCN(CC)CCNC(=O)C(C)F,1.87,0.53,3.528301887,60min
1686A-18F17,CN(C)c1ccc(-c2cc3cc(OCCOCCOCCF)ccc3o2)cc1,5.66,2.48,2.282258065,10min
1697A-18F2,N[C@@H](Cc1ccc(CCF)cc1)C(=O)O,0.52,0.65,0.8,60min
1698-18F5FPPDB,CN(C)c1ccc(/N=N/c2nc3ccc(OCCOCCOF)cc3s2)cc1,4.26,1.83,2.327868852,10min
1703A-18F1,N#Cc1ccc(OCC2CCN(CCCF)CC2)cc1,9.45,0.11,85.90909091,120min
1709A-18F5,CN(C)c1ccc(-c2cc3cc(OCCOCCOCCF)ccc3o2)cn1,5.16,2.83,1.823321555,2min
1710-18F-FPHBF-1,CN(C)c1ccc(-c2cc3cc(OCCOCCOCCF)ccc3o2)cc1,5.66,2.48,2.282258065,10min
1710-18F-FPYBF-1,CN(C)c1ccc(-c2cc3cc(OCCOCCOCCF)ccc3o2)cn1,5.16,2.83,1.823321555,2min
1710-18F10,CNc1ccc(-c2cc3cc(OCCOCCOCCF)ccc3o2)cc1,5.66,2.48,2.282258065,10min
1710-18F21,CNc1ccc(-c2cc3cc(OCCOCCOCCF)ccc3o2)cc1,5.66,2.48,2.282258065,10min
1713A-18F-FRB-D4,[2H]C([2H])(F)C([2H])([2H])Oc1ccccc1OC(c1ccccc1)C1CNCCO1,0.27,0.35,0.771428571,60min
1713A-18F-FRB,FCCOc1ccccc1OC(c1ccccc1)C1CNCCO1,0.59,1.31,0.450381679,10min
1719-18F-FTMA,C[N+](C)(C)c1ccc(F)cc1,0.01,0.11,0.090909091,60min
1721A-18F-FTO,O=C(O)CCSCCCC/C=C\CCCCCCF,0.0215,0.00185,11.62162162,120min
1721A-18F-FTP,O=C(O)CCSCCCCCCCCCCCCF,0.0155,0.0106,1.462264151,120min
1721B-18F-2,O=C(O)CCSCCCCCCCCCCCCF,0.0154,0.0105,1.466666667,120min
1721B-18F-3,O=C(O)CCSCCCC/C=C\CCCCCCCCF,0.0215,0.0185,1.162162162,120min
1721B-18F-4,O=C(O)CCSCCCCCCCCCCCCCCF,0.0143,0.0098,1.459183673,120min
1721B-18F-5,O=C(O)CCCCSCCCCCCCCCCCCF,0.033,0.029,1.137931034,30min
1738B-18FMaxiPostTM,COc1ccc(Cl)cc1[C@]1(F)C(=O)Nc2cc(C(F)(F)F)ccc21,0.51,0.176,2.897727273,15min
1741C-18F-MEM,CC12CC3CC(N)(C1)CC(CF)(C3)C2,1.02,0.11,9.272727273,120min
1743-MFBG,N=C(N)NCc1cccc(F)c1,0.2,0.6,0.333333333,60min
1743-PFBG,Cc1ccc(CNC(=N)N)cc1,1.1,1,1.1,60min
1744C-18F1,NC(Cc1ccc(O)c(CCF)c1)C(=O)O,0.04,0.06,0.666666667,60min
1744C-18F2,NC(Cc1ccc(O)c(CCCF)c1)C(=O)O,0.35,0.64,0.546875,60min
1744C-18F3,COc1ccc(CC(N)C(=O)O)cc1CCF,0.57,0.29,1.965517241,120min
1744C-18F4,COc1ccc(CC(N)C(=O)O)cc1CCCF,0.26,0.32,0.8125,30min
1746-18F1,CC(C)[C@H](NC(=O)c1ccc([N+](=O)[O-])cc1F)C(=O)O,0.12,0.19,0.631578947,120min
1746-18F2,CC(C)[C@H](NC(=O)c1ccc([N+](=O)[O-])cc1F)C(=O)O,0.03,0.15,0.2,60min
1749B-18FMHMZ,COc1c(OCF)cccc1C(O)C1CCN(CCc2ccc(F)cc2)CC1,0.08,0.33,0.242424242,60min
1754-18F-1,COc1cc2ncnc(Nc3ccc(F)cc3)c2cc1OC,0.14,0.79,0.17721519,60min
1754-18F-4,COc1cc2ncnc(Nc3cc(Cl)c(Cl)cc3F)c2cc1OC,4.37,3.44,1.270348837,5min
1759B-18F-FMISO,COCC(O)Cn1ccnc1[N+](=O)[O-],2.6,3.6,0.722222222,30min
1759B-18F-NEFA,O=C(CF)NCCn1ccnc1[N+](=O)[O-],0.99,1.61,0.614906832,30min
1759B-18F-NEFT,O=C(CF)OCCn1ccnc1[N+](=O)[O-],1.24,2.5,0.496,30min
1766-18FFHBG,Nc1nc2c(ncn2CCC(CO)CF)c(=O)[nH]1,0.001,0.01,0.1,120min
1766-M-Me-FHBT,Cc1c(CC(CO)CF)n(C)c(=O)[nH]c1=O,0.029,0.14,0.207142857,90min
1768C-Methylspiroperidol,CN1CN(c2ccccc2)C2(CCN(CCCC(=O)c3ccc(F)cc3)CC2)C1=O,1.3,0.19,6.842105263,120min
1771-18F1,Cc1c(C(=O)NN2CCCCC2)nn(-c2ccc(Cl)cc2Cl)c1-c1ccc(CCCCCF)cc1,0.26,0.39,0.666666667,120min
1772-18F1,NC(Cc1ccc(O)c(CCF)c1)C(=O)O,0.04,0.06,0.666666667,60min
1772-18F2,NC(Cc1ccc(O)c(CCCF)c1)C(=O)O,0.35,0.64,0.546875,60min
1772-18F3,COc1ccc(CC(N)C(=O)O)cc1CCF,0.57,0.29,1.965517241,120min
1772-18F4,COc1ccc(CC(N)C(=O)O)cc1CCCF,0.26,0.32,0.8125,30min
1799A-18F10,Cc1c(SCc2ccc(CCCCF)cc2)oc2ccccc2c1=O,0.17,0.06,2.833333333,120min
1801B-18FFM-SA4503,COc1cc(CCN2CCN(CCCc3ccccc3)CC2)ccc1OCF,3.78,0.21,18,120min
1804-18FSAV03M,COC(=O)[C@H](NS(=O)(=O)c1ccc(C#CCCCCF)cc1)C(C)C,0.22,0.19,1.157894737,120min
1804-18SAV03,CC(C)[C@@H](NS(=O)(=O)c1ccc(C#CCCCCF)cc1)C(=O)O,0.03,0.1,0.3,120min
1806-18F-SC58125,CS(=O)(=O)c1ccc(-n2nc(C(F)(F)F)cc2-c2ccc(F)cc2)cc1,0.25,0.07,3.571428571,12min
1806-18F-SC63217,COc1ccc(-n2nc(C(F)(F)F)cc2-c2ccc(F)cc2)cc1,0.16,0.04,4,30min
1816-FTP,O=C(O)CCSCCCCCCCCCCCCS(=O)(=O)C(F)(F)F,0.018,0.026,0.692307692,120min
1819-18FBF-227,CN(C)c1ncc(/C=C/c2nc3ccc(OCCF)cc3o2)s1,6.05,2.93,2.064846416,2min
1819-18FFACT,CN(C)c1ncc(/C=C/c2nc3ccc(OC(CO)CF)cc3o2)s1,4.64,3.65,1.271232877,2min
1819-18FTHK-525,FCCOc1ccc2nc(/C=C/c3cnc(N4CCOCC4)s3)oc2c1,4.73,2.82,1.677304965,2min
1819-18FTHK-702,OCC(CF)Oc1ccc2nc(/C=C/c3cnc(N4CCOCC4)s3)oc2c1,4.15,3.34,1.24251497,2min
1819-18FTHK-727,OCC(CF)COc1ccc2nc(/C=C/c3cnc(N4CCOCC4)s3)oc2c1,4.06,2.94,1.380952381,2min
1820C-18FFTPP,Fc1ccc([P+](c2ccccc2)(c2ccccc2)c2ccccc2)cc1,0.01,0.02,0.5,60min
1820E-18-FLT,Cc1cn([C@H]2C[C@H](F)[C@@H](CO)O2)c(=O)[nH]c1=O,0.06,0.35,0.171428571,60min
1825-18FWC-59,COc1ccc(C)cc1NC(=O)OC1CC2CCCC(C1)N2Cc1ccc(CCF)cc1,2.12,0.99,2.141414141,30min
1826-18FWC-IV-3,O=C1C(=O)N(Cc2ccc(OCCF)cc2)c2ccc(S(=O)(=O)N3CC[C@H]3COc3ccccc3)cc21,0.029,0.097,0.298969072,60min
